{
  "dataset": "quora",
  "tag": "with_features",
  "num_queries": 10000,
  "results": {
    "embedding": {
      "MAP": 0.7774418044889817,
      "P@10": 0.12534999999999422,
      "nDCG@10": 0.8149005837699097,
      "Recall@1000": 0.9839674515811712,
      "num_queries": 10000
    },
    "embedding_clustered": {
      "MAP": 0.6514757167705376,
      "P@10": 0.10327000000001178,
      "nDCG@10": 0.683786663546947,
      "Recall@1000": 0.7921575412984984,
      "num_queries": 10000
    }
  }
}