{
  "dataset": "quora",
  "tag": "baseline",
  "num_queries": 10000,
  "results": {
    "tfidf": {
      "MAP": 0.6806024377193697,
      "P@10": 0.11079000000000604,
      "nDCG@10": 0.7225545059474444,
      "Recall@1000": 0.9543803335836412,
      "num_queries": 10000
    },
    "bm25": {
      "MAP": 0.7178905063823243,
      "P@10": 0.11596000000000171,
      "nDCG@10": 0.759567037443691,
      "Recall@1000": 0.9628961500135905,
      "num_queries": 10000
    },
    "embedding": {
      "MAP": 0.7774418044889817,
      "P@10": 0.12534999999999422,
      "nDCG@10": 0.8149005837699097,
      "Recall@1000": 0.9839674515811712,
      "num_queries": 10000
    },
    "hybrid_serial": {
      "MAP": 0.7765587541093636,
      "P@10": 0.12483999999999433,
      "nDCG@10": 0.8156146337474915,
      "Recall@1000": 0.9628961500135905,
      "num_queries": 10000
    },
    "hybrid_parallel": {
      "MAP": 0.7633844487489746,
      "P@10": 0.12432999999999474,
      "nDCG@10": 0.8050985990560826,
      "Recall@1000": 0.9875247661281111,
      "num_queries": 10000
    }
  }
}